timestamp_bkk,student_id,age,sex,email,faculty,pain_category,red_flags,needs,other_need,pain_location,pain_score_now,pain_character,function_limit,peg_pain,peg_enjoyment,peg_general_activity,peg_score,extra_json,ai_summary_doctor
2026-06-13 14:19:18,3100800546087,67,ชาย,dr.kamthorn.tan@gmail.com,หน่วยงานอื่นๆ,Acute pain < 2 สัปดาห์,,ลดปวด; กลับไปเล่นกีฬา,,ไหล่,4,ตุบๆ,ทำงานหน้าคอม,6,2,2,3.33,"{""sport_type"": ""อื่นๆ"", ""mechanism"": [], ""continued_play"": ""เล่นต่อไม่ได้"", ""swelling_bruise"": false, ""limited_rom"": false, ""numb_weak"": false}","1. สรุปอาการสำคัญ  
- ผู้ป่วยชาย อายุ 67 ปี มีอาการปวดไหล่ด้านเดียวลักษณะตุบๆ ความรุนแรงปวดขณะนี้ 4/10  
- ระยะเวลาอาการน้อยกว่า 2 สัปดาห์ (acute pain)  
- ไม่มีบวม ช้ำ จำกัดการเคลื่อนไหว หรือชาร่วม  
- อาการปวดจำกัดทำงานหน้าคอมพิวเตอร์ และไม่สามารถเล่นกีฬาต่อได้  

2. ประเภท pain:  
- Acute pain (< 2 สัปดาห์)  

3. Differential diagnosis ที่ควรคิด  
- กล้ามเนื้อหรือเส้นเอ็นอักเสบ (strain/sprain)  
- เอ็นไหล่อักเสบ (tendinitis)  
- กลุ่มอาการบาดเจ็บจากการใช้งานซ้ำ (overuse injury)  
- ปวดจากข้อไหล่ (early osteoarthritis หรือ bursitis)  

4. Red flags ที่ตรวจแล้วพบ/ไม่พบ  
- ไม่มีอาการชาหรืออ่อนแรง  
- ไม่มีบวม ช้ำ หรือข้อผิดรูป  
- ไม่มีอาการที่บ่งชี้โรคร้ายแรง เช่น ไข้ น้ำหนักลด หรือปวดรุนแรงมาก  

5. ข้อมูล function และ PEG score  
- PEG pain score เฉลี่ย 3.33 (pain 6, enjoyment 2, general activity 2) แสดงว่าปวดมีผลกระทบต่อความสุขและกิจกรรมทั่วไปในระดับปานกลาง  
- จำกัดการทำงานหน้าคอมพิวเตอร์ และไม่สามารถเล่นกีฬาต่อได้  

6. คำแนะนำการตรวจร่างกายเฉพาะจุด  
- ตรวจการเคลื่อนไหวของข้อไหล่ทั้ง active และ passive  
- ตรวจจุดกดเจ็บของกล้ามเนื้อและเอ็นรอบไหล่  
- ประเมินความแข็งแรงกล้ามเนื้อไหล่  
- ตรวจหาอาการบวม แดง หรือความผิดปกติของข้อ  

7. แนวทางดูแลเบื้องต้นแบบปลอดภัย  
- แนะนำพักการเล่นกีฬาและกิจกรรมที่กระตุ้นอาการปวด  
- ใช้ยาแก้ปวดชนิดไม่ใช่สเตียรอยด์ (NSAIDs) ตามคำแนะนำแพทย์  
- ประคบเย็นบริเวณที่ปวดในช่วง 48-72 ชั่วโมงแรก  
- แนะนำการออกกำลังกายยืดเหยียดและเสริมสร้างกล้ามเนื้อไหล่แบบค่อยเป็นค่อยไป  
- ติดตามอาการอย่างใกล้ชิด  

8. ข้อควรส่งต่อ/นัดติดตาม  
- นัดติดตามอาการภายใน 1-2 สัปดาห์ หากอาการไม่ดีขึ้นหรือแย่ลง  
- ส่งต่อผู้ป่วยหากพบอาการชาหรืออ่อนแรง, ปวดรุนแรงมาก, จำกัดการเคลื่อนไหวอย่างรุนแรง หรือสงสัยโรคข้อไหล่รุนแรง  
- พิจารณาส่งตรวจภาพรังสีหรือ MRI หากอาการไม่ดีขึ้นตามคาด"
